insert into brand (brand_id, brand_name, deleted, created_at, modified_at)
VALUES (1, 'A', false, now(), now()),
       (2, 'B', false, now(), now()),
       (3, 'C', false, now(), now()),
       (4, 'D', false, now(), now()),
       (5, 'E', false, now(), now()),
       (6, 'F', false, now(), now()),
       (7, 'G', false, now(), now()),
       (8, 'H', false, now(), now()),
       (9, 'I', false, now(), now());

insert into category (category_id, category_name, created_at, modified_at)
VALUES (1, '상의', now(), now()),
       (2, '아우터', now(), now()),
       (3, '바지', now(), now()),
       (4, '스니커즈', now(), now()),
       (5, '가방', now(), now()),
       (6, '모자', now(), now()),
       (7, '양말;', now(), now()),
       (8, '액세서리', now(), now());

insert into item (item_name, price, brand_id, category_id, deleted, created_at, modified_at)
values ('상의1', 11200, 1, 1, false, now(), now()),
       ('상의2', 10500, 2, 1, false, now(), now()),
       ('상의3', 10000, 3, 1, false, now(), now()),
       ('상의4', 10100, 4, 1, false, now(), now()),
       ('상의5', 10700, 5, 1, false, now(), now()),
       ('상의6', 11200, 6, 1, false, now(), now()),
       ('상의7', 10500, 7, 1, false, now(), now()),
       ('상의8', 10800, 8, 1, false, now(), now()),
       ('상의9', 11400, 9, 1, false, now(), now()),

       ('아우터1', 5500, 1, 2, false, now(), now()),
       ('아우터2', 5900, 2, 2, false, now(), now()),
       ('아우터3', 6200, 3, 2, false, now(), now()),
       ('아우터4', 5100, 4, 2, false, now(), now()),
       ('아우터5', 5000, 5, 2, false, now(), now()),
       ('아우터6', 7200, 6, 2, false, now(), now()),
       ('아우터7', 5800, 7, 2, false, now(), now()),
       ('아우터8', 6300, 8, 2, false, now(), now()),
       ('아우터9', 6700, 9, 2, false, now(), now()),

       ('바지1', 4200, 1, 3, false, now(), now()),
       ('바지2', 3800, 2, 3, false, now(), now()),
       ('바지3', 3300, 3, 3, false, now(), now()),
       ('바지4', 3000, 4, 3, false, now(), now()),
       ('바지5', 3800, 5, 3, false, now(), now()),
       ('바지6', 4000, 6, 3, false, now(), now()),
       ('바지7', 3900, 7, 3, false, now(), now()),
       ('바지8', 3100, 8, 3, false, now(), now()),
       ('바지9', 3200, 9, 3, false, now(), now()),

       ('스니커즈1', 9000, 1, 4, false, now(), now()),
       ('스니커즈2', 9100, 2, 4, false, now(), now()),
       ('스니커즈3', 9200, 3, 4, false, now(), now()),
       ('스니커즈4', 9500, 4, 4, false, now(), now()),
       ('스니커즈5', 9900, 5, 4, false, now(), now()),
       ('스니커즈6', 9300, 6, 4, false, now(), now()),
       ('스니커즈7', 9000, 7, 4, false, now(), now()),
       ('스니커즈8', 9700, 8, 4, false, now(), now()),
       ('스니커즈9', 9500, 9, 4, false, now(), now()),

       ('가방1', 2000, 1, 5, false, now(), now()),
       ('가방2', 2100, 2, 5, false, now(), now()),
       ('가방3', 2200, 3, 5, false, now(), now()),
       ('가방4', 2500, 4, 5, false, now(), now()),
       ('가방5', 2300, 5, 5, false, now(), now()),
       ('가방6', 2100, 6, 5, false, now(), now()),
       ('가방7', 2200, 7, 5, false, now(), now()),
       ('가방8', 2100, 8, 5, false, now(), now()),
       ('가방9', 2400, 9, 5, false, now(), now()),

       ('모자1', 1700, 1, 6, false, now(), now()),
       ('모자2', 2000, 2, 6, false, now(), now()),
       ('모자3', 1900, 3, 6, false, now(), now()),
       ('모자4', 1500, 4, 6, false, now(), now()),
       ('모자5', 1800, 5, 6, false, now(), now()),
       ('모자6', 1600, 6, 6, false, now(), now()),
       ('모자7', 1700, 7, 6, false, now(), now()),
       ('모자8', 1600, 8, 6, false, now(), now()),
       ('모자9', 1700, 9, 6, false, now(), now()),

       ('양말1', 1800, 1, 7, false, now(), now()),
       ('양말2', 2000, 2, 7, false, now(), now()),
       ('양말3', 2200, 3, 7, false, now(), now()),
       ('양말4', 2400, 4, 7, false, now(), now()),
       ('양말5', 2100, 5, 7, false, now(), now()),
       ('양말6', 2300, 6, 7, false, now(), now()),
       ('양말7', 2100, 7, 7, false, now(), now()),
       ('양말8', 2000, 8, 7, false, now(), now()),
       ('양말9', 1700, 9, 7, false, now(), now()),

       ('액세서리1', 2300, 1, 8, false, now(), now()),
       ('액세서리2', 2200, 2, 8, false, now(), now()),
       ('액세서리3', 2100, 3, 8, false, now(), now()),
       ('액세서리4', 2000, 4, 8, false, now(), now()),
       ('액세서리5', 2100, 5, 8, false, now(), now()),
       ('액세서리6', 1900, 6, 8, false, now(), now()),
       ('액세서리7', 2000, 7, 8, false, now(), now()),
       ('액세서리8', 2000, 8, 8, false, now(), now()),
       ('액세서리9', 2400, 9, 8, false, now(), now());

